{
    "Gesamt": 144.47500000000005,
    "Schulden": -420.79499999999996,
    "Gewinn": 46.754999999999995,
    "Cspendings": 624.5706,
    "Eearnings": 405.72115,
    "p": 0
}