{
    "Gesamt": -308.823,
    "Schulden": -328.653,
    "Gewinn": 56.346999999999994,
    "Cspendings": 350.99340000000007,
    "Eearnings": 490.43931,
    "p": 0.9
}