{
    "Gesamt": 9.351000000000013,
    "Schulden": -84.15899999999999,
    "Gewinn": 9.350999999999999,
    "Cspendings": 100,
    "Eearnings": 81.14423000000001,
    "p": 0
}