{
    "Gesamt": 164.7770000000001,
    "Schulden": -585.5129999999999,
    "Gewinn": 65.05699999999999,
    "Cspendings": 848.0211999999999,
    "Eearnings": 564.5176100000001,
    "p": 0
}