{
    "Gesamt": 2395.7669999999994,
    "Schulden": 966.9420000000001,
    "Gewinn": 1321.387,
    "Cspendings": 15344.9934,
    "Eearnings": 11531.298510000002,
    "p": 0.9
}