{
    "Gesamt": 2429.1250000000005,
    "Schulden": 966.9420000000001,
    "Gewinn": 1354.745,
    "Cspendings": 15737.366899999997,
    "Eearnings": 11819.573850000002,
    "p": 0.9
}