{
    "Gesamt": 1329.7079999999992,
    "Schulden": 9.306000000000154,
    "Gewinn": 1319.368,
    "Cspendings": 14189.9934,
    "Eearnings": 11514.162640000002,
    "p": 0.9
}