{
    "Gesamt": 2594.1900000000023,
    "Schulden": 1051.1010000000003,
    "Gewinn": 1426.3000000000002,
    "Cspendings": 16618.057899999996,
    "Eearnings": 12437.879,
    "p": 0.9
}