{
    "Gesamt": 2528.7330000000024,
    "Schulden": 966.9420000000003,
    "Gewinn": 1454.3530000000005,
    "Cspendings": 16847.413799999995,
    "Eearnings": 12681.31169,
    "p": 0.9
}