{
    "Gesamt": 2419.7740000000003,
    "Schulden": 966.9420000000001,
    "Gewinn": 1345.394,
    "Cspendings": 15617.796299999998,
    "Eearnings": 11738.429620000003,
    "p": 0.9
}